{
"global":
[
  {
    "year": 1945,
    "christianity_all": 701350290,
    "judaism_all": 12009400,
    "islam_all": 130760281,
    "buddhism_all": 116237936,
    "hinduism_all": 5389197,
    "noreligion_all": 153486530,
    "otherreligion_all": 9856926,
    "noreligion_all__1": 153486530,
    "otherreligion_all__1": 9856926,
    "religion_all": 1636502751,
    "population": 1617000000,
    "world_population": 2250000000,
    "christianity_percent": 0.4362,
    "judaism_percent": 0.0075,
    "islam_percent": 0.0813,
    "buddhism_percent": 0.0723,
    "hinduism_percent": 0.0034,
    "noreligion_percent": 0.0955,
    "otherreligion_percent": 0.0061,
    "total_percent": 0.718666667
  },
  {
    "year": 1950,
    "christianity_all": 696480122,
    "judaism_all": 13698294,
    "islam_all": 294121067,
    "buddhism_all": 159011902,
    "hinduism_all": 301349500,
    "noreligion_all": 192925316,
    "otherreligion_all": 12145951,
    "noreligion_all__1": 192925316,
    "otherreligion_all__1": 12145951,
    "religion_all": 2255911264,
    "population": 2231000000,
    "world_population": 2780296616,
    "christianity_percent": 0.3136,
    "judaism_percent": 0.0062,
    "islam_percent": 0.1325,
    "buddhism_percent": 0.0716,
    "hinduism_percent": 0.1357,
    "noreligion_percent": 0.0869,
    "otherreligion_percent": 0.0055,
    "total_percent": 0.802432369
  },
  {
    "year": 1955,
    "christianity_all": 836002102,
    "judaism_all": 12986204,
    "islam_all": 344072007,
    "buddhism_all": 179384199,
    "hinduism_all": 328704605,
    "noreligion_all": 304128449,
    "otherreligion_all": 21379050,
    "noreligion_all__1": 304128449,
    "otherreligion_all__1": 21379050,
    "religion_all": 2565905174,
    "population": 2536000000,
    "world_population": 3039433944,
    "christianity_percent": 0.3297,
    "judaism_percent": 0.0051,
    "islam_percent": 0.1357,
    "buddhism_percent": 0.0707,
    "hinduism_percent": 0.1296,
    "noreligion_percent": 0.1199,
    "otherreligion_percent": 0.0084,
    "total_percent": 0.834365887
  },
  {
    "year": 1960,
    "christianity_all": 966967595,
    "judaism_all": 13728856,
    "islam_all": 435123088,
    "buddhism_all": 200439159,
    "hinduism_all": 361169167,
    "noreligion_all": 434629671,
    "otherreligion_all": 18904435,
    "noreligion_all__1": 434629671,
    "otherreligion_all__1": 18904435,
    "religion_all": 2960719583,
    "population": 2921000000,
    "world_population": 3345409879,
    "christianity_percent": 0.3311,
    "judaism_percent": 0.0047,
    "islam_percent": 0.149,
    "buddhism_percent": 0.0686,
    "hinduism_percent": 0.1237,
    "noreligion_percent": 0.1488,
    "otherreligion_percent": 0.0065,
    "total_percent": 0.873136658
  },
  {
    "year": 1965,
    "christianity_all": 1074713786,
    "judaism_all": 14253679,
    "islam_all": 514634057,
    "buddhism_all": 212593384,
    "hinduism_all": 397863182,
    "noreligion_all": 474097850,
    "otherreligion_all": 41159669,
    "noreligion_all__1": 474097850,
    "otherreligion_all__1": 41159669,
    "religion_all": 3302068346,
    "population": 3280000000,
    "world_population": 3706601448,
    "christianity_percent": 0.3277,
    "judaism_percent": 0.0043,
    "islam_percent": 0.1569,
    "buddhism_percent": 0.0648,
    "hinduism_percent": 0.1213,
    "noreligion_percent": 0.1446,
    "otherreligion_percent": 0.0126,
    "total_percent": 0.884907656
  },
  {
    "year": 1970,
    "christianity_all": 1176605676,
    "judaism_all": 14833409,
    "islam_all": 592342288,
    "buddhism_all": 228802634,
    "hinduism_all": 449824489,
    "noreligion_all": 588838181,
    "otherreligion_all": 26258961,
    "noreligion_all__1": 588838181,
    "otherreligion_all__1": 26258961,
    "religion_all": 3699555220,
    "population": 3655000000,
    "world_population": 4086387665,
    "christianity_percent": 0.3219,
    "judaism_percent": 0.0041,
    "islam_percent": 0.162,
    "buddhism_percent": 0.0626,
    "hinduism_percent": 0.1231,
    "noreligion_percent": 0.1611,
    "otherreligion_percent": 0.0072,
    "total_percent": 0.894433005
  },
  {
    "year": 1975,
    "christianity_all": 1300116609,
    "judaism_all": 15914548,
    "islam_all": 663674348,
    "buddhism_all": 260324284,
    "hinduism_all": 488621807,
    "noreligion_all": 690431832,
    "otherreligion_all": 26800685,
    "noreligion_all__1": 690431832,
    "otherreligion_all__1": 26800685,
    "religion_all": 4071736010,
    "population": 4023000000,
    "world_population": 4453863820,
    "christianity_percent": 0.3232,
    "judaism_percent": 0.004,
    "islam_percent": 0.165,
    "buddhism_percent": 0.0647,
    "hinduism_percent": 0.1215,
    "noreligion_percent": 0.1716,
    "otherreligion_percent": 0.0067,
    "total_percent": 0.903260666
  },
  {
    "year": 1980,
    "christianity_all": 1392078609,
    "judaism_all": 16606995,
    "islam_all": 647139477,
    "buddhism_all": 298402116,
    "hinduism_all": 537594394,
    "noreligion_all": 737801266,
    "otherreligion_all": 35031049,
    "noreligion_all__1": 737801266,
    "otherreligion_all__1": 35031049,
    "religion_all": 4313376757,
    "population": 4413000000,
    "world_population": 4850224998,
    "christianity_percent": 0.3264,
    "judaism_percent": 0.0039,
    "islam_percent": 0.1517,
    "buddhism_percent": 0.07,
    "hinduism_percent": 0.126,
    "noreligion_percent": 0.173,
    "otherreligion_percent": 0.0082,
    "total_percent": 0.909854698
  },
  {
    "year": 1985,
    "christianity_all": 1506919051,
    "judaism_all": 16782995,
    "islam_all": 747128591,
    "buddhism_all": 337670689,
    "hinduism_all": 601622535,
    "noreligion_all": 788196309,
    "otherreligion_all": 36373149,
    "noreligion_all__1": 788196309,
    "otherreligion_all__1": 36373149,
    "religion_all": 4720267965,
    "population": 4834000000,
    "world_population": 5277725410,
    "christianity_percent": 0.3227,
    "judaism_percent": 0.0036,
    "islam_percent": 0.16,
    "buddhism_percent": 0.0723,
    "hinduism_percent": 0.1289,
    "noreligion_percent": 0.1688,
    "otherreligion_percent": 0.0078,
    "total_percent": 0.915924878
  },
  {
    "year": 1990,
    "christianity_all": 1695081219,
    "judaism_all": 14869547,
    "islam_all": 999680318,
    "buddhism_all": 375247755,
    "hinduism_all": 659849828,
    "noreligion_all": 838271280,
    "otherreligion_all": 36282109,
    "noreligion_all__1": 838271280,
    "otherreligion_all__1": 36282109,
    "religion_all": 5365204736,
    "population": 5313000000,
    "world_population": 5687011326,
    "christianity_percent": 0.3191,
    "judaism_percent": 0.0028,
    "islam_percent": 0.1882,
    "buddhism_percent": 0.0706,
    "hinduism_percent": 0.1242,
    "noreligion_percent": 0.1578,
    "otherreligion_percent": 0.0068,
    "total_percent": 0.934234116
  },
  {
    "year": 1995,
    "christianity_all": 1785414969,
    "judaism_all": 14072306,
    "islam_all": 1154990606,
    "buddhism_all": 411955330,
    "hinduism_all": 720868905,
    "noreligion_all": 802280726,
    "otherreligion_all": 41903686,
    "noreligion_all__1": 802280726,
    "otherreligion_all__1": 41903686,
    "religion_all": 5718946902,
    "population": 5670000000,
    "world_population": 5687011326,
    "christianity_percent": 0.3149,
    "judaism_percent": 0.0025,
    "islam_percent": 0.2037,
    "buddhism_percent": 0.0727,
    "hinduism_percent": 0.1272,
    "noreligion_percent": 0.1415,
    "otherreligion_percent": 0.0074,
    "total_percent": 0.997008741
  },
  {
    "year": 2000,
    "christianity_all": 1890923184,
    "judaism_all": 13446312,
    "islam_all": 1314048240,
    "buddhism_all": 388256056,
    "hinduism_all": 875605734,
    "noreligion_all": 782412122,
    "otherreligion_all": 33542527,
    "noreligion_all__1": 782412122,
    "otherreligion_all__1": 33542527,
    "religion_all": 6135549678,
    "population": 6077000000,
    "world_population": 6081002937,
    "christianity_percent": 0.3107,